sample,peak_no,ci_low,age_ma,ci_high,support,direct_support,winner_support,selection
2A,1,357.60552763819095,382.7185929648241,407.83165829145725,1.0,1.0,1.0,strict
2A,2,1765.4808893456807,1790.5939546723139,1815.707019998947,1.0,1.0,0.0,strict
