case,man_mae_mean,locked_mae_mean,mae_improvement_pct,man_max_mean,locked_max_mean,max_improvement_pct,man_miss_total,locked_miss_total,miss_delta,man_extra_total,locked_extra_total,extra_delta
1,11.32687976666663,7.576274477006753,33.1,11.32687976666663,7.576274477006753,33.1,0,0,0,0,0,0
2,56.20215623333332,2.7360515876896634,95.1,93.82094246666666,3.366926097603406,96.4,0,0,0,0,0,0
3,1.2355657999999987,1.1364375525392727,8.0,1.2355657999999987,1.1364375525392727,8.0,0,0,0,0,0,0
4,46.105941583333326,38.04476675208576,17.5,68.58811373333333,44.73984538748008,34.8,0,0,0,0,1,1
5,922.1220196666668,237.45749889663705,74.2,922.1220196666668,454.8703161505009,50.7,3,0,-3,0,1,1
6,65.89243756666666,21.24750581074977,67.8,74.07072333333333,35.669391068468904,51.8,0,0,0,0,0,0
7,969.914544,458.3410717680981,52.7,969.914544,578.0648202571468,40.4,3,1,-2,0,0,0
