case,man_mae_mean,locked_mae_mean,man_max_mean,locked_max_mean,man_extra_total,locked_extra_total,man_miss_total,locked_miss_total
1,11.32687976666663,7.576274477006753,11.32687976666663,7.576274477006753,0,0,0,0
2,56.20215623333332,2.7360515876896634,93.82094246666666,3.366926097603406,0,0,0,0
3,1.2355657999999987,1.1364375525392727,1.2355657999999987,1.1364375525392727,0,0,0,0
4,46.105941583333326,38.04476675208576,68.58811373333333,44.73984538748008,0,1,0,0
5,922.1220196666667,237.45749889663702,922.1220196666667,454.8703161505009,0,1,3,0
6,65.89243756666666,21.24750581074977,74.07072333333333,35.669391068468904,0,0,0,0
7,969.9145439999999,458.3410717680981,969.9145439999999,578.0648202571468,0,0,3,1
