opt_ui_Ma,low95_ui_Ma,high95_ui_Ma,opt_surface_Ma,n_runs
1789.050251,1779.005025,1799.095477,1789.050251,200
