opt_ui_Ma,low95_ui_Ma,high95_ui_Ma,opt_surface_Ma,n_runs
704.165829,694.120603,704.165829,704.165829,200
