sample,peak_no,age_ma,ci_low,ci_high,support
8A,1,1251.6306532663252,1226.517587939692,1276.7437185929584,0.96
