sample,peak_no,age_ma,ci_low,ci_high,support
2A,1,382.7185929648241,357.60552763819095,407.83165829145725,1.0
2A,2,1790.5939546723139,1765.4808893456807,1815.707019998947,1.0
