sample,peak_no,age_ma,ci_low,ci_high,support
2A,1,382.7185929648241,357.60552763819095,407.83165829145725,1.0
