opt_ui_Ma,low95_ui_Ma,high95_ui_Ma,opt_surface_Ma,n_runs
382.718593,372.673367,382.718593,312.402010,200
