sample,peak_no,age_ma,ci_low,ci_high,support
1A,1,700.9696208314306,675.8565555047974,726.0826861580638,0.985
