opt_ui_Ma,low95_ui_Ma,high95_ui_Ma,opt_surface_Ma,n_runs
1467.603015,1457.557789,1487.693467,1477.648241,200
