Sample,n_total,n_concordant,C,n_fit,K,L,geometry_label,geometry_code,CLK
5A,160,40,0.25,120,2,0.9916666666666667,SPLAY,6,CLK=C25-L99-K2-SPLAY
5B,160,40,0.25,120,2,0.9583333333333334,SPLAY,6,CLK=C25-L96-K2-SPLAY
5C,160,41,0.25625,119,2,0.957983193277311,SPLAY,6,CLK=C26-L96-K2-SPLAY
6A,160,41,0.25625,119,3,0.9915966386554622,SPLAY,6,CLK=C26-L99-K3-SPLAY
6B,160,40,0.25,120,3,0.9333333333333333,SPLAY,6,CLK=C25-L93-K3-SPLAY
6C,160,42,0.2625,118,3,0.9661016949152542,SPLAY,6,CLK=C26-L97-K3-SPLAY
7A,160,40,0.25,120,3,1.0,SPLAY,6,CLK=C25-L100-K3-SPLAY
7B,160,40,0.25,120,2,0.9666666666666667,SPLAY,6,CLK=C25-L97-K2-SPLAY
7C,160,40,0.25,120,2,0.9833333333333333,SPLAY,6,CLK=C25-L98-K2-SPLAY
